City_ID,City,Country,Lat,Lng,Max Temp,Humidity,Cloudiness,Wind Speed,Date
0,Rikitea,PF,-23.1203,-134.9692,298.13,70,100,7.94,2022-04-30 00:38:12
1,Faanui,PF,-16.4833,-151.75,300.38,73,18,7.63,2022-04-30 00:38:12
2,Severo-Kurilsk,RU,50.6789,156.125,275.34,88,77,4.24,2022-04-30 00:38:13
3,Sagua De Tanamo,CU,20.5819,-75.2414,297.04,76,100,2.9,2022-04-30 00:38:13
4,Sheridan,US,44.8333,-106.9173,278.36,79,100,12.35,2022-04-30 00:38:14
5,Saskylakh,RU,71.9167,114.0833,274.17,100,100,3.82,2022-04-30 00:38:14
6,Carnarvon,AU,-24.8667,113.6333,293.19,49,0,6.69,2022-04-30 00:38:15
7,Vendome,FR,47.8,1.0667,284.31,90,82,3.57,2022-04-30 00:38:15
8,Rio Gallegos,AR,-51.6226,-69.2181,275.18,80,0,1.54,2022-04-30 00:37:59
9,Khatanga,RU,71.9667,102.5,264.5,92,95,6.6,2022-04-30 00:38:16
10,Sola,VU,-13.8833,167.55,304.52,74,75,0.0,2022-04-30 00:38:16
11,Yellowknife,CA,62.456,-114.3525,275.44,51,20,3.09,2022-04-30 00:29:01
12,Igarka,RU,67.4667,86.5833,263.05,84,8,3.14,2022-04-30 00:38:17
13,Hermanus,ZA,-34.4187,19.2345,287.63,83,41,3.34,2022-04-30 00:38:17
14,Tiarei,PF,-17.5333,-149.3333,303.16,76,19,9.25,2022-04-30 00:38:18
15,Hamilton,US,39.1834,-84.5333,292.71,48,100,3.09,2022-04-30 00:38:08
16,Deputatskiy,RU,69.3,139.9,265.49,80,22,1.22,2022-04-30 00:38:18
17,Esperance,AU,-33.8667,121.9,287.06,71,26,4.07,2022-04-30 00:38:18
18,Port Elizabeth,ZA,-33.918,25.5701,289.99,75,0,5.36,2022-04-30 00:38:19
19,Dalaba,GN,10.7,-12.25,293.16,73,99,1.51,2022-04-30 00:38:19
20,Fukue,JP,32.6881,128.8419,288.35,67,75,8.23,2022-04-30 00:38:20
21,Brigantine,US,39.4101,-74.3646,287.05,35,0,3.6,2022-04-30 00:38:20
22,Airai,TL,-8.9266,125.4092,295.73,51,61,1.53,2022-04-30 00:38:20
23,Upernavik,GL,72.7868,-56.1549,262.24,91,100,15.41,2022-04-30 00:38:21
24,Ahipara,NZ,-35.1667,173.1667,293.68,61,24,4.42,2022-04-30 00:38:21
25,Mataura,NZ,-46.1927,168.8643,289.53,59,90,1.38,2022-04-30 00:38:22
26,Ushuaia,AR,-54.8,-68.3,274.76,93,44,0.71,2022-04-30 00:38:22
27,Qaanaaq,GL,77.484,-69.3632,259.93,70,19,2.86,2022-04-30 00:38:23
28,Bluff,NZ,-46.6,168.3333,289.71,71,99,3.48,2022-04-30 00:38:23
29,Torbay,CA,47.6666,-52.7314,277.53,95,100,2.06,2022-04-30 00:38:23
30,Dubti,ET,11.7361,41.0853,301.96,60,97,2.48,2022-04-30 00:38:24
31,Tarrega,ES,41.647,1.1396,286.56,79,98,1.3,2022-04-30 00:38:24
32,Terra Santa,BR,-2.1042,-56.4869,296.46,98,100,1.24,2022-04-30 00:38:25
33,Leningradskiy,RU,69.3833,178.4167,267.44,87,98,7.63,2022-04-30 00:38:25
34,Avarua,CK,-21.2078,-159.775,302.18,74,20,6.69,2022-04-30 00:38:25
35,Bengkulu,ID,-3.8004,102.2655,299.18,82,12,1.47,2022-04-30 00:38:26
36,Busselton,AU,-33.65,115.3333,288.83,70,0,2.03,2022-04-30 00:38:26
37,Vaini,TO,-21.2,-175.2,298.24,94,100,4.12,2022-04-30 00:38:27
38,Punta Arenas,CL,-53.15,-70.9167,274.21,86,0,2.57,2022-04-30 00:36:41
39,Kamenka,RU,51.3223,42.7678,278.0,96,19,3.23,2022-04-30 00:38:27
40,Bredasdorp,ZA,-34.5322,20.0403,286.26,85,29,3.48,2022-04-30 00:38:28
41,Olga,RU,43.7444,135.2892,285.21,35,14,4.12,2022-04-30 00:38:28
42,Mar Del Plata,AR,-38.0023,-57.5575,283.08,64,19,3.58,2022-04-30 00:38:28
43,Albany,US,42.6001,-73.9662,284.38,23,0,4.14,2022-04-30 00:27:05
44,Dunedin,NZ,-45.8742,170.5036,288.04,65,84,3.58,2022-04-30 00:39:29
45,Norman Wells,CA,65.282,-126.8329,280.17,49,20,4.12,2022-04-30 00:39:29
46,Washington,US,47.5001,-120.5015,289.76,31,100,1.28,2022-04-30 00:35:52
47,Portland,US,45.5234,-122.6762,289.17,64,100,4.63,2022-04-30 00:26:58
48,Anadyr,RU,64.75,177.4833,275.43,80,75,1.0,2022-04-30 00:39:30
49,Kavaratti,IN,10.5669,72.642,302.98,76,100,5.54,2022-04-30 00:39:30
50,Porbandar,IN,21.6422,69.6093,301.21,83,0,4.3,2022-04-30 00:38:50
51,Lakatoro,VU,-16.0999,167.4164,300.93,75,74,5.34,2022-04-30 00:39:31
52,Vung Tau,VN,10.346,107.0843,300.16,76,100,1.21,2022-04-30 00:39:31
53,Port Alfred,ZA,-33.5906,26.891,288.25,78,45,2.68,2022-04-30 00:39:32
54,Pisco,PE,-13.7,-76.2167,292.18,77,0,4.63,2022-04-30 00:39:32
55,Saldanha,ZA,-33.0117,17.9442,288.18,83,96,3.11,2022-04-30 00:39:32
56,Bisho,ZA,-32.8472,27.4422,285.14,73,0,3.5,2022-04-30 00:39:33
57,Ribeira Grande,PT,38.5167,-28.7,289.9,87,9,7.49,2022-04-30 00:39:33
58,Paka,MY,4.6374,103.4368,299.11,94,20,0.0,2022-04-30 00:39:34
59,Thompson,CA,55.7435,-97.8558,285.24,40,75,1.03,2022-04-30 00:39:34
60,Hilo,US,19.7297,-155.09,300.53,82,100,6.17,2022-04-30 00:37:19
61,Barrow,US,71.2906,-156.7887,263.16,85,0,5.66,2022-04-30 00:39:35
62,Codrington,AU,-38.2667,141.9667,288.67,56,96,8.27,2022-04-30 00:39:35
63,Dikson,RU,73.5069,80.5464,262.04,94,100,9.28,2022-04-30 00:39:35
64,Manali,IN,13.1667,80.2667,302.2,91,21,5.38,2022-04-30 00:39:36
65,Naifaru,MV,5.4444,73.3657,303.0,73,100,6.16,2022-04-30 00:39:36
66,Vao,NC,-22.6667,167.4833,295.87,80,100,10.96,2022-04-30 00:39:37
67,Ishigaki,JP,24.3448,124.1572,297.22,94,75,5.14,2022-04-30 00:39:37
68,Ouargaye,BF,11.5033,0.0572,303.51,45,100,2.4,2022-04-30 00:39:38
69,Cabedelo,BR,-6.9811,-34.8339,297.52,78,100,3.22,2022-04-30 00:39:38
70,Cape Town,ZA,-33.9258,18.4232,287.74,91,75,2.57,2022-04-30 00:35:28
71,Chivay,PE,-15.6383,-71.6011,284.89,45,100,1.55,2022-04-30 00:39:39
72,Bone,DE,51.9669,12.1396,283.05,79,100,2.2,2022-04-30 00:39:39
73,Kouroussa,GN,10.65,-9.8833,300.22,59,89,2.95,2022-04-30 00:39:39
74,Swift Current,CA,50.2834,-107.8014,286.6,30,75,5.66,2022-04-30 00:39:14
75,Whitehorse,CA,60.7161,-135.0538,279.83,59,100,1.54,2022-04-30 00:39:40
76,Salalah,OM,17.0151,54.0924,302.2,84,20,1.03,2022-04-30 00:39:40
77,Kahului,US,20.8947,-156.47,303.16,45,40,11.32,2022-04-30 00:39:41
78,Joshimath,IN,30.5667,79.5667,289.55,45,8,2.89,2022-04-30 00:39:41
79,Sibu,MY,2.3,111.8167,297.32,100,40,1.54,2022-04-30 00:38:19
80,Kedrovyy,RU,56.1667,91.8167,290.38,69,100,3.21,2022-04-30 00:39:41
81,Katherine,AU,-14.4667,132.2667,304.33,58,46,1.03,2022-04-30 00:35:26
82,Butaritari,KI,3.0707,172.7902,300.61,76,68,4.76,2022-04-30 00:39:42
83,Nazira,IN,26.9167,94.7333,297.46,77,100,1.06,2022-04-30 00:39:43
84,Hobart,AU,-42.8794,147.3294,287.62,63,75,5.14,2022-04-30 00:36:07
85,Margate,GB,51.3813,1.3862,281.41,73,43,3.13,2022-04-30 00:37:58
86,Cockburn Town,TC,21.4612,-71.1419,297.13,64,40,2.57,2022-04-30 00:39:43
87,Tuktoyaktuk,CA,69.4541,-133.0374,272.15,80,0,4.12,2022-04-30 00:39:44
88,Tilichiki,RU,60.4667,166.1,271.79,83,6,4.42,2022-04-30 00:39:45
89,Nome,US,64.5011,-165.4064,279.19,65,0,8.23,2022-04-30 00:39:45
90,East London,ZA,-33.0153,27.9116,290.26,67,10,6.99,2022-04-30 00:40:46
91,Mujiayingzi,CN,42.1167,118.7833,281.1,19,0,10.78,2022-04-30 00:40:46
92,Kapaa,US,22.0752,-159.319,300.14,78,40,6.69,2022-04-30 00:40:46
93,Cabo San Lucas,MX,22.8909,-109.9124,303.76,56,4,7.16,2022-04-30 00:40:47
94,Inhambane,MZ,-23.865,35.3833,293.63,80,0,2.26,2022-04-30 00:40:47
95,Paracuru,BR,-3.41,-39.0306,299.88,88,98,3.11,2022-04-30 00:40:48
96,Hami,CN,42.8,93.45,288.68,15,4,3.74,2022-04-30 00:39:11
97,Qunduz,AF,36.729,68.857,295.01,54,9,0.77,2022-04-30 00:40:48
98,Puerto Ayora,EC,-0.7393,-90.3518,295.18,92,65,3.26,2022-04-30 00:40:48
99,Kruisfontein,ZA,-34.0033,24.7314,287.53,80,29,5.79,2022-04-30 00:40:49
100,Dovbysh,UA,50.3733,27.9874,279.8,78,66,0.45,2022-04-30 00:40:49
101,Gao,ML,16.6362,1.637,303.16,8,100,4.22,2022-04-30 00:40:50
102,Bayan,CN,46.0833,127.4,284.03,36,43,6.28,2022-04-30 00:40:50
103,Tra Vinh,VN,9.9347,106.3453,299.49,80,100,0.54,2022-04-30 00:40:09
104,Mayo,US,38.8876,-76.5119,288.14,43,0,0.45,2022-04-30 00:40:51
105,Kangema,KE,-0.6833,36.9667,288.12,94,97,0.14,2022-04-30 00:40:51
106,Zhezkazgan,KZ,47.8043,67.7144,288.25,46,4,2.87,2022-04-30 00:40:51
107,Sitka,US,57.0531,-135.33,282.09,66,75,0.0,2022-04-30 00:36:55
108,Yerbogachen,RU,61.2767,108.0108,277.19,99,100,3.01,2022-04-30 00:40:52
109,Sioux Lookout,CA,50.1001,-91.917,278.19,81,100,2.57,2022-04-30 00:40:52
110,Provideniya,RU,64.3833,-173.3,274.48,91,98,6.71,2022-04-30 00:40:53
111,Hithadhoo,MV,-0.6,73.0833,302.5,72,32,4.12,2022-04-30 00:36:59
112,Lianran,CN,24.9227,102.485,289.45,39,0,2.06,2022-04-30 00:40:53
113,Matara,LK,5.9485,80.5353,300.21,86,97,3.36,2022-04-30 00:40:54
114,Padang,ID,-0.9492,100.3543,298.18,77,76,0.5,2022-04-30 00:40:54
115,Qasigiannguit,GL,68.8193,-51.1922,266.29,84,100,5.94,2022-04-30 00:40:55
116,Nizwa,OM,22.9333,57.5333,301.19,36,10,0.17,2022-04-30 00:40:56
117,Victoria,HK,22.2855,114.1577,301.58,90,100,4.02,2022-04-30 00:39:17
118,Batagay-Alyta,RU,67.8006,130.4114,266.81,81,15,2.35,2022-04-30 00:40:57
119,Batticaloa,LK,7.7102,81.6924,300.26,82,49,1.9,2022-04-30 00:40:57
120,Vrangel,RU,42.7297,133.0839,281.24,73,100,3.18,2022-04-30 00:40:58
121,Jamestown,US,42.097,-79.2353,281.95,34,0,3.09,2022-04-30 00:40:40
122,Oshnaviyeh,IR,37.0397,45.0983,283.63,79,7,2.81,2022-04-30 00:40:59
123,Beringovskiy,RU,63.05,179.3167,273.34,97,100,6.8,2022-04-30 00:40:59
124,Marsh Harbour,BS,26.5412,-77.0636,296.35,74,100,10.27,2022-04-30 00:41:00
125,Luderitz,NA,-26.6481,15.1594,285.98,75,0,6.08,2022-04-30 00:41:00
126,Brodick,GB,55.5754,-5.1472,278.06,75,96,2.7,2022-04-30 00:41:01
127,Kudahuvadhoo,MV,2.6708,72.8944,302.73,73,100,5.67,2022-04-30 00:41:02
128,Kodiak,US,57.79,-152.4072,278.88,81,100,12.86,2022-04-30 00:41:03
129,Castro,BR,-24.7911,-50.0119,287.66,96,99,3.92,2022-04-30 00:41:04
130,Sao Filipe,CV,14.8961,-24.4956,295.26,69,22,6.21,2022-04-30 00:41:05
131,Ponta Do Sol,PT,32.6667,-17.1,290.38,63,30,0.95,2022-04-30 00:41:05
132,Clyde River,CA,70.4692,-68.5914,260.28,78,75,1.03,2022-04-30 00:41:06
133,Bousse,BF,12.6606,-1.8922,302.57,42,82,3.24,2022-04-30 00:41:07
134,Los Llanos De Aridane,ES,28.6585,-17.9182,289.01,93,75,5.14,2022-04-30 00:41:07
135,Cazones,MX,20.7167,-97.3167,304.04,54,0,6.17,2022-04-30 00:38:52
136,Arraial Do Cabo,BR,-22.9661,-42.0278,297.53,85,6,3.07,2022-04-30 00:41:46
137,Iqaluit,CA,63.7506,-68.5145,266.0,58,75,4.12,2022-04-30 00:42:08
138,Adrar,MR,20.5022,-10.0711,296.17,17,5,4.8,2022-04-30 00:42:08
139,San Carlos De Bariloche,AR,-41.1456,-71.3082,273.01,86,0,2.57,2022-04-30 00:42:09
140,Brae,GB,60.3964,-1.353,279.44,75,100,2.33,2022-04-30 00:42:09
141,New Norfolk,AU,-42.7826,147.0587,287.43,47,49,4.12,2022-04-30 00:42:10
142,Atuona,PF,-9.8,-139.0333,299.34,74,100,7.65,2022-04-30 00:42:10
143,Husavik,IS,66.0449,-17.3389,279.95,77,34,2.13,2022-04-30 00:42:10
144,West Bay,KY,19.3667,-81.4167,300.19,74,20,3.6,2022-04-30 00:42:11
145,Granadilla De Abona,ES,28.1188,-16.576,288.26,70,0,3.09,2022-04-30 00:42:11
146,Alyangula,AU,-13.8483,136.4192,304.08,70,73,2.57,2022-04-30 00:42:12
147,Lebu,CL,-37.6167,-73.65,283.1,75,0,7.46,2022-04-30 00:42:12
148,Acarau,BR,-2.8856,-40.12,298.5,85,99,3.75,2022-04-30 00:42:12
149,Odweyne,SO,9.4092,45.064,297.5,61,9,2.52,2022-04-30 00:42:13
150,Miguel Calmon,BR,-11.4289,-40.595,291.91,92,78,1.16,2022-04-30 00:42:13
151,Alta Floresta,BR,-9.8756,-56.0861,295.84,86,100,1.97,2022-04-30 00:42:14
152,Tateyama,JP,34.9833,139.8667,286.63,58,18,4.9,2022-04-30 00:42:14
153,Tiksi,RU,71.6872,128.8694,270.88,78,100,5.42,2022-04-30 00:42:15
154,Ilulissat,GL,69.2167,-51.1,266.16,68,75,12.86,2022-04-30 00:42:15
155,Saint George,US,37.1041,-113.5841,299.61,12,0,9.77,2022-04-30 00:41:01
156,Pangnirtung,CA,66.1451,-65.7125,256.04,98,17,2.92,2022-04-30 00:42:15
157,Palencia,ES,42.4167,-4.5,286.37,88,97,1.83,2022-04-30 00:42:16
158,Lomita,US,33.7922,-118.3151,298.23,65,0,6.69,2022-04-30 00:42:16
159,Muyezerskiy,RU,63.9333,31.65,266.65,89,14,2.64,2022-04-30 00:42:17
160,Nikolskoye,RU,59.7035,30.7861,274.1,90,21,2.29,2022-04-30 00:42:17
161,Puerto Escondido,MX,15.85,-97.0667,301.61,65,75,2.57,2022-04-30 00:38:57
162,Ust-Kuyga,RU,70.0167,135.6,268.17,87,13,4.31,2022-04-30 00:42:18
163,Basco,PH,20.4487,121.9702,301.17,73,100,5.1,2022-04-30 00:42:18
164,Naze,JP,28.3667,129.4833,293.66,77,100,3.9,2022-04-30 00:38:49
165,Cotonou,BJ,6.3654,2.4183,298.14,83,40,2.57,2022-04-30 00:42:19
166,Souillac,MU,-20.5167,57.5167,296.36,83,40,3.6,2022-04-30 00:42:19
167,Pevek,RU,69.7008,170.3133,265.91,84,100,4.81,2022-04-30 00:42:20
168,Dingle,PH,10.9995,122.6711,302.14,74,87,3.76,2022-04-30 00:42:20
169,Ginir,ET,7.1333,40.7,287.22,85,38,1.48,2022-04-30 00:42:21
170,Lorengau,PG,-2.0226,147.2712,302.94,67,89,1.92,2022-04-30 00:42:21
171,Longyearbyen,SJ,78.2186,15.6401,259.06,66,20,3.09,2022-04-30 00:42:22
172,Pak Chong,TH,14.708,101.4161,301.38,65,100,1.26,2022-04-30 00:42:22
173,Bethel,US,41.3712,-73.414,286.35,14,0,4.12,2022-04-30 00:42:22
174,Port Lincoln,AU,-34.7333,135.8667,290.94,54,52,5.68,2022-04-30 00:41:20
175,Rorvik,NO,64.8621,11.2373,277.51,88,100,10.0,2022-04-30 00:42:23
176,Klaksvik,FO,62.2266,-6.589,280.66,76,100,3.67,2022-04-30 00:42:24
177,Tuatapere,NZ,-46.1333,167.6833,289.56,74,100,2.47,2022-04-30 00:42:24
178,Weligama,LK,5.9667,80.4167,300.43,84,100,3.29,2022-04-30 00:42:24
179,Mazyr,BY,52.0495,29.2456,277.46,75,70,2.0,2022-04-30 00:43:25
180,Agucadoura,PT,41.4318,-8.7804,290.51,77,3,1.7,2022-04-30 00:43:25
181,Geraldton,AU,-28.7667,114.6,290.38,51,0,7.72,2022-04-30 00:43:26
182,Bambous Virieux,MU,-20.3428,57.7575,296.29,83,40,3.6,2022-04-30 00:43:26
183,Dandong,CN,40.1292,124.3947,286.52,34,100,3.56,2022-04-30 00:40:33
184,Jian,CN,27.1172,114.9793,288.42,91,100,2.3,2022-04-30 00:43:27
185,Saint-Philippe,RE,-21.3585,55.7679,296.92,84,49,6.76,2022-04-30 00:43:27
186,Bud,US,39.447,-86.1758,293.16,56,100,3.75,2022-04-30 00:43:27
187,Yulara,AU,-25.2406,130.9889,291.06,59,91,8.23,2022-04-30 00:43:28
188,Troitskoye,RU,52.9821,84.6757,287.96,51,100,1.94,2022-04-30 00:43:28
189,Atar,MR,20.5169,-13.0499,297.72,17,31,4.38,2022-04-30 00:43:29
190,Ostrovnoy,RU,68.0531,39.5131,267.3,90,99,6.21,2022-04-30 00:43:29
191,Hirara,JP,24.8,125.2833,299.07,83,75,5.66,2022-04-30 00:39:20
192,Merauke,ID,-8.4667,140.3333,302.02,70,15,2.75,2022-04-30 00:43:29
193,Okhotsk,RU,59.3833,143.3,276.18,75,96,4.11,2022-04-30 00:43:30
194,Madang,PG,-5.2246,145.7966,304.06,61,88,0.91,2022-04-30 00:43:30
195,Weyburn,CA,49.6668,-103.8511,286.27,44,96,6.17,2022-04-30 00:43:31
196,Tasiilaq,GL,65.6145,-37.6368,271.48,88,46,3.79,2022-04-30 00:43:31
197,Mandalgovi,MN,45.7625,106.2708,278.5,30,13,6.84,2022-04-30 00:43:31
198,Lithakia,GR,37.7167,20.8333,286.8,65,82,4.49,2022-04-30 00:43:32
199,Henties Bay,NA,-22.116,14.2845,289.02,81,0,3.01,2022-04-30 00:43:32
200,Benghazi,LY,32.1167,20.0667,291.59,68,0,5.35,2022-04-30 00:43:33
201,Naron,ES,43.5167,-8.1528,287.6,80,73,2.33,2022-04-30 00:43:33
202,Cidreira,BR,-30.1811,-50.2056,288.98,65,0,2.27,2022-04-30 00:43:34
203,Nantucket,US,41.2835,-70.0995,282.23,59,100,5.66,2022-04-30 00:43:34
204,Mount Gambier,AU,-37.8333,140.7667,286.1,88,75,5.14,2022-04-30 00:43:34
205,Chuy,UY,-33.6971,-53.4616,283.86,75,14,1.59,2022-04-30 00:43:35
206,Synya,RU,65.3718,58.0387,268.12,87,100,2.32,2022-04-30 00:43:35
207,Bassila,BJ,9.0081,1.6654,296.02,88,100,2.57,2022-04-30 00:43:36
208,College,US,64.8569,-147.8028,286.37,33,20,0.45,2022-04-30 00:43:36
209,Isangel,VU,-19.55,169.2667,298.93,78,95,10.2,2022-04-30 00:43:36
210,Dicamay,PH,16.7561,122.0037,303.22,64,100,1.49,2022-04-30 00:43:37
211,Mantua,IT,45.1667,10.7833,287.73,74,70,1.27,2022-04-30 00:42:50
212,Amos,CA,48.5669,-78.1162,272.71,90,5,2.02,2022-04-30 00:43:37
213,Ambilobe,MG,-13.2,49.05,295.3,94,100,1.35,2022-04-30 00:43:38
214,Muncar,ID,-8.4333,114.3333,301.77,76,46,2.07,2022-04-30 00:43:38
215,Constitucion,CL,-35.3333,-72.4167,284.82,68,67,3.47,2022-04-30 00:43:38
216,Zeya,RU,53.75,127.2667,278.76,26,19,3.46,2022-04-30 00:43:39
217,Ambon,ID,-3.6954,128.1814,302.23,79,20,1.03,2022-04-30 00:43:39
218,Nchelenge,ZM,-9.3451,28.734,293.32,82,100,2.14,2022-04-30 00:43:40
219,Mayenne,FR,48.3333,-0.6667,279.84,91,100,4.45,2022-04-30 00:43:40
220,Namibe,AO,-15.1961,12.1522,295.91,74,9,1.66,2022-04-30 00:43:41
221,Jalu,LY,29.0331,21.5482,292.04,56,0,5.04,2022-04-30 00:43:41
222,Srednekolymsk,RU,67.45,153.6833,266.62,77,97,1.37,2022-04-30 00:43:41
223,Hasaki,JP,35.7333,140.8333,286.37,62,10,10.82,2022-04-30 00:43:42
224,Mattru,SL,7.6244,-11.8332,297.6,86,83,0.27,2022-04-30 00:43:42
225,Polson,US,47.6936,-114.1632,283.27,68,86,4.02,2022-04-30 00:43:43
226,Baoro,CF,5.6667,15.9667,292.25,95,90,1.3,2022-04-30 00:44:43
227,Georgetown,MY,5.4112,100.3354,301.11,93,20,2.24,2022-04-30 00:42:53
228,Sembe,CG,1.6481,14.5806,294.05,98,70,0.45,2022-04-30 00:44:43
229,Korla,CN,41.7597,86.1469,286.48,39,0,1.33,2022-04-30 00:44:44
230,Monte Alegre De Sergipe,BR,-10.0272,-37.5622,294.5,91,27,2.14,2022-04-30 00:44:44
231,Svetlogorsk,BY,52.6333,29.7333,278.26,77,100,1.96,2022-04-30 00:44:45
232,Streetsboro,US,41.2392,-81.3459,284.29,32,0,4.63,2022-04-30 00:44:45
233,Vila Franca Do Campo,PT,37.7167,-25.4333,292.7,95,35,3.83,2022-04-30 00:44:45
234,Kenai,US,60.5544,-151.2583,284.83,43,0,5.14,2022-04-30 00:44:46
235,Ransang,PH,8.9603,117.5828,300.82,79,100,1.48,2022-04-30 00:44:46
236,Mananjary,MG,-21.2167,48.3333,292.04,83,0,3.13,2022-04-30 00:44:47
237,Frederico Westphalen,BR,-27.3592,-53.3944,288.95,76,19,3.08,2022-04-30 00:44:47
238,Girne,CY,35.3417,33.3167,287.9,59,1,4.3,2022-04-30 00:44:47
239,San Patricio,US,28.017,-97.5169,300.12,80,24,7.06,2022-04-30 00:44:48
240,Voskresenskoye,RU,56.8381,45.4317,272.72,95,3,2.43,2022-04-30 00:44:48
241,La Ronge,CA,55.1001,-105.2842,288.29,21,75,4.63,2022-04-30 00:44:49
242,Chernyshevskiy,RU,63.0128,112.4714,274.6,98,100,3.26,2022-04-30 00:44:49
243,Arica,CL,-18.475,-70.3042,290.9,82,0,1.54,2022-04-30 00:44:49
244,Gannan,CN,47.9147,123.5031,277.16,75,100,11.1,2022-04-30 00:44:50
245,Aswan,EG,24.0934,32.907,303.76,19,0,1.03,2022-04-30 00:44:50
246,Hervey Bay,AU,-25.2986,152.8535,297.6,83,12,1.34,2022-04-30 00:44:51
247,Mayumba,GA,-3.432,10.6554,297.42,92,100,3.5,2022-04-30 00:44:51
248,Marawi,PH,7.9986,124.2928,297.9,78,25,1.86,2022-04-30 00:44:51
249,Kyzyl-Suu,KG,42.3414,78.0056,283.21,47,80,4.64,2022-04-30 00:44:52
250,Praya,CV,14.9215,-23.5087,294.45,68,20,6.69,2022-04-30 00:44:52
251,Christchurch,NZ,-43.5333,172.6333,290.6,74,0,4.63,2022-04-30 00:38:19
252,Marathon,US,44.9,-89.7668,286.89,41,75,7.2,2022-04-30 00:44:53
253,Karratha,AU,-20.7377,116.8463,298.01,58,100,6.48,2022-04-30 00:44:53
254,Mayna,RU,54.1135,47.6231,274.26,97,100,2.25,2022-04-30 00:44:53
255,Homer,US,59.6425,-151.5483,281.37,57,75,6.26,2022-04-30 00:43:35
256,Lavrentiya,RU,65.5833,-171.0,273.5,93,98,3.28,2022-04-30 00:44:54
257,Baddomalhi,PK,31.9928,74.6683,297.14,28,22,3.16,2022-04-30 00:44:54
258,Puksoozero,RU,62.5903,40.6066,265.13,97,67,1.13,2022-04-30 00:44:55
259,Mabaruma,GY,8.2,-59.7833,296.53,99,15,1.3,2022-04-30 00:44:55
260,Araouane,ML,18.9048,-3.5265,299.15,7,0,3.53,2022-04-30 00:44:56
261,Namatanai,PG,-3.6667,152.4333,302.96,64,34,0.46,2022-04-30 00:44:56
262,Perehonivka,UA,48.5355,30.5192,279.84,80,16,1.04,2022-04-30 00:44:56
263,Thinadhoo,MV,0.5333,72.9333,302.76,68,99,4.66,2022-04-30 00:44:57
264,Chokurdakh,RU,70.6333,147.9167,265.55,90,16,4.48,2022-04-30 00:44:57
265,Shahr-E Kord,IR,32.3256,50.8644,285.02,58,75,1.03,2022-04-30 00:44:58
266,Coihaique,CL,-45.5752,-72.0662,277.12,75,40,0.0,2022-04-30 00:41:11
267,Kavieng,PG,-2.5744,150.7967,302.69,67,99,1.31,2022-04-30 00:44:58
268,Rawson,AR,-43.3002,-65.1023,282.34,50,17,4.56,2022-04-30 00:44:58
269,Muravlenko,RU,63.7898,74.523,263.17,92,78,3.06,2022-04-30 00:44:59
270,Atambua,ID,-9.1061,124.8925,300.68,61,100,0.26,2022-04-30 00:44:59
271,Uaua,BR,-9.8414,-39.4817,294.64,71,63,4.04,2022-04-30 00:45:00
272,Silopi,TR,37.2497,42.4694,288.22,75,5,0.57,2022-04-30 00:45:00
273,Bichura,RU,50.5881,107.6022,281.94,34,100,2.83,2022-04-30 00:45:00
274,Ginda,IN,30.6945,78.4932,290.34,30,0,3.22,2022-04-30 00:45:01
275,Edgewater,US,28.9889,-80.9023,296.23,64,40,5.66,2022-04-30 00:46:01
276,Kahuta,PK,33.5913,73.3868,299.73,36,2,2.45,2022-04-30 00:46:02
277,Halifax,CA,44.6453,-63.5724,278.97,96,100,1.79,2022-04-30 00:42:39
278,Gizo,SB,-8.103,156.8419,301.89,73,100,3.14,2022-04-30 00:46:02
279,Honningsvag,NO,70.9821,25.9704,271.01,86,75,4.12,2022-04-30 00:46:03
280,Aracaju,BR,-10.9111,-37.0717,300.12,74,40,3.09,2022-04-30 00:45:03
281,Okha,RU,53.5739,142.9478,273.82,96,100,4.99,2022-04-30 00:46:03
282,Barsovo,RU,61.1667,73.1667,272.22,89,9,1.95,2022-04-30 00:46:04
283,Imbituba,BR,-28.24,-48.6703,293.63,74,54,2.38,2022-04-30 00:46:04
284,Bosaso,SO,11.2842,49.1816,302.17,65,87,2.22,2022-04-30 00:46:05
285,Chistogorskiy,RU,53.9835,87.3843,284.42,62,100,1.58,2022-04-30 00:46:06
286,Manta,EC,-0.95,-80.7333,299.03,78,75,4.63,2022-04-30 00:44:49
287,Beira,MZ,-19.8436,34.8389,292.2,100,0,1.54,2022-04-30 00:46:06
288,Miraflores,MX,19.2167,-98.8083,293.51,53,31,2.18,2022-04-30 00:46:07
289,Mao,ES,39.8885,4.2658,285.46,76,0,3.6,2022-04-30 00:43:39
290,Northam,GB,51.0333,-4.2167,280.74,77,100,3.12,2022-04-30 00:46:07
291,Monrovia,LR,6.3005,-10.7969,298.02,80,74,1.69,2022-04-30 00:45:35
292,Poum,NC,-20.2333,164.0167,298.19,70,49,4.43,2022-04-30 00:46:08
293,Kyabram,AU,-36.3167,145.05,289.75,58,0,6.94,2022-04-30 00:46:08
294,Koupela,BF,12.1794,-0.3517,303.22,44,94,2.82,2022-04-30 00:46:09
295,Forbes,AU,-33.3833,148.0167,290.33,74,100,4.65,2022-04-30 00:46:09
296,Kaitangata,NZ,-46.2817,169.8464,288.53,60,92,1.13,2022-04-30 00:46:10
297,Skibbereen,IE,51.55,-9.2667,282.65,83,100,1.24,2022-04-30 00:46:10
298,Sao Jose Da Coroa Grande,BR,-8.8978,-35.1478,298.41,79,100,3.17,2022-04-30 00:46:10
299,Sukhumi,GE,43.0033,41.0153,286.38,96,56,0.46,2022-04-30 00:46:11
300,Touros,BR,-5.1989,-35.4608,298.2,78,100,4.71,2022-04-30 00:46:11
301,Laguna,US,38.421,-121.4238,300.34,17,0,4.63,2022-04-30 00:46:12
302,Meulaboh,ID,4.1363,96.1285,299.31,86,99,1.21,2022-04-30 00:46:12
303,Dongying,CN,37.4564,118.4856,283.47,65,100,5.06,2022-04-30 00:46:13
304,Iquique,CL,-20.2208,-70.1431,290.17,73,22,0.97,2022-04-30 00:46:13
305,Sydney,AU,-33.8679,151.2073,291.28,92,75,4.12,2022-04-30 00:43:07
306,Vanimo,PG,-2.6741,141.3028,299.96,80,100,1.42,2022-04-30 00:46:14
307,Safford,US,32.834,-109.7076,302.66,7,0,7.72,2022-04-30 00:46:14
308,Port Moresby,PG,-9.4431,147.1797,302.83,70,40,5.66,2022-04-30 00:46:15
309,Kidal,ML,18.4411,1.4078,302.19,8,3,3.76,2022-04-30 00:46:15
310,Ikongo,MG,-21.8833,47.4333,289.11,90,10,1.24,2022-04-30 00:46:16
311,Kushmurun,KZ,52.4503,64.6311,284.3,67,78,6.54,2022-04-30 00:46:16
312,Genc,TR,38.7507,40.5603,286.33,79,100,1.63,2022-04-30 00:46:16
313,Muzhi,RU,65.3667,64.6667,269.44,84,18,6.0,2022-04-30 00:46:17
314,Yaan,NG,7.3833,8.5667,298.33,75,99,1.95,2022-04-30 00:46:17
315,Pochutla,MX,15.7432,-96.4661,302.49,63,10,3.28,2022-04-30 00:46:18
316,Chunhuhub,MX,19.55,-88.6833,297.59,82,84,2.35,2022-04-30 00:46:18
317,Winnemucca,US,40.973,-117.7357,290.18,19,0,2.06,2022-04-30 00:42:15
318,Le Port,RE,-20.9373,55.2919,297.15,79,3,4.56,2022-04-30 00:46:19
319,Sarakhs,IR,36.5449,61.1577,293.23,49,20,1.03,2022-04-30 00:46:19
320,Agua Dulce,MX,18.1333,-94.1333,299.59,81,20,5.24,2022-04-30 00:46:19
321,Gornyak,RU,50.9942,81.4661,286.61,45,100,2.81,2022-04-30 00:46:20
322,Yenagoa,NG,4.9247,6.2642,297.73,91,96,0.53,2022-04-30 00:46:20
323,Grindavik,IS,63.8424,-22.4338,279.41,93,40,2.06,2022-04-30 00:47:21
324,Khokhlovo,RU,59.1492,37.3998,271.66,91,100,3.49,2022-04-30 00:47:21
325,Port-Gentil,GA,-0.7193,8.7815,299.99,81,100,1.06,2022-04-30 00:47:22
326,Bilibino,RU,68.0546,166.4372,267.55,80,100,1.16,2022-04-30 00:47:22
327,Linhares,BR,-19.3911,-40.0722,293.96,95,0,1.01,2022-04-30 00:47:22
328,Medianeira,BR,-25.2953,-54.0939,292.41,98,30,1.0,2022-04-30 00:47:23
329,Verkhoyansk,RU,67.5447,133.385,269.59,80,63,1.97,2022-04-30 00:47:23
330,Panalingaan,PH,8.7842,117.4231,301.76,74,100,2.05,2022-04-30 00:47:24
331,Cajamarca,PE,-7.1638,-78.5003,284.11,87,100,2.94,2022-04-30 00:47:24
332,Tuganay,PH,7.3689,125.7231,301.23,75,98,2.8,2022-04-30 00:47:24
333,Ures,MX,29.4333,-110.4,303.07,8,0,4.33,2022-04-30 00:47:25
334,Ossora,RU,59.2353,163.0719,274.36,93,2,1.36,2022-04-30 00:47:25
335,North Bay,CA,46.3168,-79.4663,285.16,22,20,2.57,2022-04-30 00:47:26
336,Taltal,CL,-25.4,-70.4833,290.01,77,100,1.8,2022-04-30 00:47:26
337,Alice Springs,AU,-23.7,133.8833,293.83,32,100,5.66,2022-04-30 00:47:26
338,Panama City,PA,8.9936,-79.5197,300.12,89,40,2.57,2022-04-30 00:44:25
339,Tamale,GH,9.4008,-0.8393,302.85,47,36,4.55,2022-04-30 00:43:37
340,Sinnamary,GF,5.3833,-52.95,299.19,83,63,5.42,2022-04-30 00:47:27
341,Kazerun,IR,29.6195,51.6541,292.54,66,71,1.08,2022-04-30 00:47:27
342,Delta Del Tigre,UY,-34.7633,-56.3853,281.21,65,0,1.17,2022-04-30 00:47:28
343,Kyabe,TD,9.4515,18.9449,301.51,56,100,2.2,2022-04-30 00:47:28
344,Lensk,RU,60.7253,114.9278,274.92,99,100,2.11,2022-04-30 00:47:29
345,Asau,RO,46.4333,26.4,279.24,100,50,1.77,2022-04-30 00:47:29
346,Sao Sepe,BR,-30.1606,-53.5653,282.78,77,0,2.58,2022-04-30 00:47:29
347,Russell,US,32.3502,-85.1999,297.75,64,0,1.54,2022-04-30 00:47:30
348,San Andres,CO,12.5847,-81.7006,301.16,74,20,4.63,2022-04-30 00:47:30
349,Aykhal,RU,66.0,111.5,274.68,99,100,3.98,2022-04-30 00:47:31
350,Tripoli,LY,32.8752,13.1875,289.73,88,5,6.12,2022-04-30 00:47:31
351,Taoudenni,ML,22.6783,-3.9836,301.13,9,80,3.74,2022-04-30 00:47:32
352,Narsaq,GL,60.9167,-46.05,280.27,81,100,0.73,2022-04-30 00:47:32
353,Lompoc,US,34.6391,-120.4579,296.27,62,0,11.62,2022-04-30 00:47:32
354,Ferme-Neuve,CA,46.7001,-75.4493,275.16,73,5,2.23,2022-04-30 00:47:33
355,Santiago Del Estero,AR,-27.7951,-64.2615,290.24,47,100,3.3,2022-04-30 00:47:33
356,Neuquen,AR,-38.9516,-68.0591,284.09,54,0,0.0,2022-04-30 00:47:34
357,Mehamn,NO,71.0357,27.8492,270.99,68,100,9.56,2022-04-30 00:47:34
358,Columbia,US,34.0007,-81.0348,296.86,53,75,2.06,2022-04-30 00:38:32
359,Curaca,BR,-8.9903,-39.9094,299.14,55,96,5.19,2022-04-30 00:47:34
360,Vallenar,CL,-28.5708,-70.7581,287.49,76,6,0.73,2022-04-30 00:45:25
361,Zemio,CF,5.0314,25.1361,293.66,98,100,0.68,2022-04-30 00:47:35
362,Mahebourg,MU,-20.4081,57.7,296.31,83,40,3.6,2022-04-30 00:47:35
363,Mormugao,IN,15.4,73.8,301.17,75,28,1.0,2022-04-30 00:47:36
364,Petropavlovsk-Kamchatskiy,RU,53.0452,158.6483,278.48,70,40,7.0,2022-04-30 00:44:28
365,Coquimbo,CL,-29.9533,-71.3436,287.0,88,100,2.06,2022-04-30 00:43:57
366,Stornoway,GB,58.2093,-6.3865,282.13,90,100,2.57,2022-04-30 00:47:36
367,Comodoro Rivadavia,AR,-45.8667,-67.5,275.07,69,0,2.57,2022-04-30 00:45:54
368,Menongue,AO,-14.6585,17.691,287.22,79,1,1.69,2022-04-30 00:47:37
369,Guerrero Negro,MX,27.9769,-114.0611,289.75,70,0,9.73,2022-04-30 00:47:37
370,Jacmel,HT,18.2342,-72.5347,300.06,78,65,0.63,2022-04-30 00:47:38
371,Porto Novo,BJ,6.4965,2.6036,298.05,82,25,1.98,2022-04-30 00:47:38
372,Wittstock,DE,53.1612,12.4829,279.96,79,100,2.64,2022-04-30 00:48:38
373,Fairbanks,US,64.8378,-147.7164,286.34,35,20,0.45,2022-04-30 00:48:39
374,Kanniyakumari,IN,8.0833,77.5667,301.46,84,100,6.78,2022-04-30 00:48:39
375,Luanda,AO,-8.8368,13.2343,297.55,92,100,2.26,2022-04-30 00:48:40
376,Fergus Falls,US,46.283,-96.0776,283.24,92,100,4.63,2022-04-30 00:48:40
377,Cairns,AU,-16.9167,145.7667,300.96,86,75,4.63,2022-04-30 00:47:26
378,Talnakh,RU,69.4865,88.3972,258.82,85,30,2.2,2022-04-30 00:48:40
379,Paita,PE,-5.0892,-81.1144,293.77,79,95,7.08,2022-04-30 00:48:41
380,Bathsheba,BB,13.2167,-59.5167,300.49,89,40,7.72,2022-04-30 00:48:41
381,Turukhansk,RU,65.8167,87.9833,265.5,80,75,6.31,2022-04-30 00:48:42
382,Yalutorovsk,RU,56.6536,66.3006,275.09,71,59,3.49,2022-04-30 00:48:42
383,Derzhavinsk,KZ,51.1,66.3167,288.45,39,69,2.42,2022-04-30 00:48:43
384,Baoning,CN,25.3378,110.026,288.07,94,75,4.0,2022-04-30 00:48:43
385,Kupang,ID,-10.1667,123.5833,301.46,65,48,1.4,2022-04-30 00:48:43
386,Murzzuschlag,AT,47.6,15.6833,279.29,85,41,0.85,2022-04-30 00:48:44
387,Escanaba,US,45.7453,-87.0646,283.13,37,0,4.63,2022-04-30 00:48:44
388,Paamiut,GL,61.994,-49.6678,271.67,94,100,7.47,2022-04-30 00:48:45
389,Udachnyy,RU,66.4167,112.4,276.18,86,100,3.89,2022-04-30 00:48:45
390,Mackay,AU,-21.15,149.2,299.64,94,75,5.14,2022-04-30 00:43:46
391,Quatre Cocos,MU,-20.2078,57.7625,296.21,73,12,4.03,2022-04-30 00:48:46
392,Zhaoqing,CN,23.0512,112.4597,297.73,81,100,2.6,2022-04-30 00:48:46
393,Pijijiapan,MX,15.7011,-93.23,301.1,80,79,1.64,2022-04-30 00:46:13
394,Lake City,US,30.1897,-82.6393,296.99,64,0,2.06,2022-04-30 00:46:29
395,Pokaran,IN,26.9167,71.9167,302.18,22,0,3.28,2022-04-30 00:48:47
396,Acatlan,MX,20.15,-98.45,290.86,68,42,2.28,2022-04-30 00:48:47
397,Angoche,MZ,-16.2325,39.9086,293.91,85,5,4.46,2022-04-30 00:48:47
398,Dakar,SN,14.6937,-17.4441,293.64,94,2,5.14,2022-04-30 00:44:16
399,San Cristobal,VE,7.7669,-72.225,296.25,97,69,1.49,2022-04-30 00:48:48
400,Klaeng,TH,12.7797,101.6483,303.68,81,100,0.43,2022-04-30 00:48:48
401,Mahibadhoo,MV,3.7833,72.9667,303.15,69,100,5.68,2022-04-30 00:48:49
402,Kaohsiung,TW,22.6163,120.3133,303.12,73,20,2.06,2022-04-30 00:43:54
403,Seoul,KR,37.5683,126.9778,286.91,56,0,2.57,2022-04-30 00:42:30
404,Fairview,US,40.8126,-73.999,287.71,17,0,8.75,2022-04-30 00:46:33
405,Kainantu,PG,-6.2887,145.8655,297.75,49,98,0.64,2022-04-30 00:48:49
406,Stromness,GB,58.965,-3.296,279.13,91,100,3.58,2022-04-30 00:48:50
407,Luang Prabang,LA,19.8856,102.1347,297.13,94,75,0.0,2022-04-30 00:48:50
408,Eureka,US,40.8021,-124.1637,289.93,54,98,0.89,2022-04-30 00:48:51
409,Vagay,RU,57.9375,69.0217,272.64,72,5,2.71,2022-04-30 00:48:51
410,Stephenville,US,32.2207,-98.2023,300.59,50,0,7.2,2022-04-30 00:45:08
411,Yabrud,SY,33.9674,36.6574,289.57,35,0,3.04,2022-04-30 00:48:51
412,Wajima,JP,37.4,136.9,285.53,66,75,2.57,2022-04-30 00:48:52
413,Fortuna,US,40.5982,-124.1573,289.78,53,20,5.14,2022-04-30 00:48:52
414,Bom Jesus Da Lapa,BR,-13.255,-43.4181,295.21,52,24,2.89,2022-04-30 00:48:53
415,Sassandra,CI,4.95,-6.0833,299.6,86,55,2.74,2022-04-30 00:48:53
416,Saint-Pierre,RE,-21.3393,55.4781,296.97,77,0,3.09,2022-04-30 00:49:54
417,Datong,CN,40.0936,113.2914,280.4,20,14,4.43,2022-04-30 00:49:54
418,Sungairaya,ID,0.7,108.9,301.17,79,54,1.93,2022-04-30 00:49:54
419,Voh,NC,-20.9667,164.7,299.85,62,43,2.68,2022-04-30 00:49:55
420,Nhulunbuy,AU,-12.2333,136.7667,303.49,66,40,5.66,2022-04-30 00:49:55
421,Ca Mau,VN,9.1769,105.15,300.59,75,100,1.49,2022-04-30 00:49:56
422,Villa Maria,AR,-32.4075,-63.2402,282.02,51,25,3.51,2022-04-30 00:49:56
423,Camacha,PT,33.0833,-16.3333,287.83,88,20,5.14,2022-04-30 00:49:56
424,Talara,PE,-4.5772,-81.2719,293.14,84,16,6.57,2022-04-30 00:49:57
425,Bafoulabe,ML,13.8065,-10.8321,309.02,9,89,3.57,2022-04-30 00:49:57
426,Jaque,PA,7.5175,-78.1703,300.01,85,100,1.08,2022-04-30 00:49:57
427,San Quintin,MX,30.4833,-115.95,289.72,70,0,5.67,2022-04-30 00:49:58
428,Oranjestad,AW,12.524,-70.027,300.12,89,40,8.75,2022-04-30 00:47:48
429,Leshukonskoye,RU,64.8989,45.7622,264.34,99,72,1.6,2022-04-30 00:49:58
430,Banda Aceh,ID,5.5577,95.3222,301.25,78,100,4.07,2022-04-30 00:49:59
431,Neya,RU,58.2972,43.8681,272.58,74,59,3.03,2022-04-30 00:49:59
432,Avera,US,33.194,-82.5271,294.88,50,34,3.33,2022-04-30 00:50:00
433,Xining,CN,36.6167,101.7667,274.45,86,100,1.98,2022-04-30 00:50:00
434,Faya,SA,18.3851,42.4509,288.21,54,53,1.72,2022-04-30 00:50:01
435,Tual,ID,-5.6667,132.75,302.42,71,100,7.1,2022-04-30 00:50:01
436,Lom Sak,TH,16.7798,101.2422,301.5,76,75,2.06,2022-04-30 00:50:02
437,Krasnoselkup,RU,65.7,82.4667,263.25,86,5,2.91,2022-04-30 00:50:02
438,Aksu,CN,41.1231,80.2644,288.15,35,89,2.3,2022-04-30 00:50:03
439,Mount Isa,AU,-20.7333,139.5,302.02,39,7,6.69,2022-04-30 00:50:03
440,Richards Bay,ZA,-28.783,32.0377,295.32,82,99,7.12,2022-04-30 00:50:04
441,Labuhan,ID,-6.8844,112.2051,300.99,81,83,2.16,2022-04-30 00:50:04
442,Alofi,NU,-19.0595,-169.9187,302.09,74,88,6.17,2022-04-30 00:50:05
443,Calabozo,VE,8.9242,-67.4293,300.03,76,100,0.97,2022-04-30 00:50:05
444,Sorland,NO,67.667,12.6934,276.04,65,100,11.09,2022-04-30 00:50:06
445,Raga,SS,8.4596,25.678,298.3,57,100,2.82,2022-04-30 00:48:51
446,Estacion Coahuila,MX,32.1939,-115.0017,304.8,10,0,2.1,2022-04-30 00:50:06
447,Guinayangan,PH,13.9006,122.4519,302.74,69,100,1.14,2022-04-30 00:50:07
448,Khuzdar,PK,27.7384,66.6434,297.87,26,0,2.71,2022-04-30 00:50:07
449,Quelimane,MZ,-17.8786,36.8883,294.12,94,0,2.24,2022-04-30 00:50:07
450,Burgersdorp,ZA,-30.9977,26.3286,281.38,41,0,1.23,2022-04-30 00:50:08
451,Baixa Grande,BR,-11.9597,-40.1681,294.77,79,100,2.67,2022-04-30 00:50:08
452,Bacolod,PH,10.6667,122.95,302.72,69,85,3.11,2022-04-30 00:48:50
453,Oranjemund,NA,-28.55,16.4333,284.72,84,0,3.65,2022-04-30 00:50:09
454,Hay River,CA,60.8156,-115.7999,269.14,80,75,3.09,2022-04-30 00:50:09
455,Valparaiso,CL,-33.0393,-71.6273,286.75,75,20,1.54,2022-04-30 00:50:10
456,Cangucu,BR,-31.395,-52.6756,280.24,85,0,1.05,2022-04-30 00:50:10
457,Vilyuysk,RU,63.7553,121.6247,277.33,76,4,4.74,2022-04-30 00:50:10
458,Nha Trang,VN,12.25,109.1833,299.15,88,100,1.64,2022-04-30 00:47:38
459,Sur,OM,22.5667,59.5289,304.73,42,0,3.87,2022-04-30 00:50:11
460,Ancud,CL,-41.8697,-73.8203,279.71,80,100,1.18,2022-04-30 00:50:11
461,Sakaiminato,JP,35.55,133.2333,288.14,51,40,5.66,2022-04-30 00:50:12
462,Kloulklubed,PW,7.0419,134.2556,301.08,75,37,3.83,2022-04-30 00:50:12
463,Lagoa,PT,39.05,-27.9833,289.3,86,0,8.69,2022-04-30 00:50:13
464,Viedma,AR,-40.8135,-62.9967,281.21,37,88,3.13,2022-04-30 00:50:13
465,Hun,LY,29.1268,15.9477,291.0,46,5,1.3,2022-04-30 00:51:14
466,Miri,MY,4.4148,114.0089,296.23,100,40,2.06,2022-04-30 00:49:37
467,Kommunar,RU,59.6206,30.39,273.9,87,37,2.76,2022-04-30 00:51:14
468,Dutse,NG,11.7594,9.3392,303.21,34,98,4.12,2022-04-30 00:51:15
469,Lodja,CD,-3.4833,23.4333,292.46,100,99,0.43,2022-04-30 00:51:15
470,El Alto,PE,-4.2714,-81.2147,293.08,77,15,6.91,2022-04-30 00:51:15
471,Takoradi,GH,4.8845,-1.7554,299.52,86,100,2.84,2022-04-30 00:51:16
472,Rudnichnyy,RU,59.617,52.4703,271.81,93,87,3.19,2022-04-30 00:51:16
473,Nizhneangarsk,RU,55.7833,109.55,270.71,95,100,0.73,2022-04-30 00:51:17
474,Ankazoabo,MG,-22.2833,44.5167,290.9,72,15,1.05,2022-04-30 00:51:17
475,Quesnel,CA,52.9999,-122.5029,287.43,21,0,1.54,2022-04-30 00:49:01
476,Hofn,IS,64.2539,-15.2082,281.18,70,12,1.73,2022-04-30 00:51:18
477,Virginia Beach,US,36.8529,-75.978,288.16,64,0,3.09,2022-04-30 00:50:51
478,Hagerstown,US,39.6418,-77.72,287.7,48,8,1.93,2022-04-30 00:46:56
479,Vanino,RU,49.0869,140.2543,279.18,46,98,1.68,2022-04-30 00:51:18
480,Zhigansk,RU,66.7697,123.3711,272.21,89,40,10.31,2022-04-30 00:51:19
481,Tomatlan,MX,19.9333,-105.25,299.92,45,0,3.11,2022-04-30 00:51:19
482,Yatou,CN,37.15,122.3833,286.55,62,100,6.11,2022-04-30 00:51:20
483,Pyaozerskiy,RU,65.8333,31.1667,269.26,86,100,3.7,2022-04-30 00:51:20
484,Tombouctou,ML,20.0,-3.0,298.93,8,0,4.1,2022-04-30 00:51:21
485,Cayenne,GF,4.9333,-52.3333,300.98,1,40,3.6,2022-04-30 00:51:21
486,Stykkisholmur,IS,65.0757,-22.7297,279.04,93,55,2.13,2022-04-30 00:51:22
487,Biak,ID,-0.9131,122.8766,300.5,75,72,1.37,2022-04-30 00:51:22
488,Hailar,CN,49.2,119.7,278.03,29,7,6.52,2022-04-30 00:51:22
489,Assiniboia,CA,49.6334,-105.9845,283.05,62,100,3.6,2022-04-30 00:51:23
490,Kalmunai,LK,7.4167,81.8167,299.71,80,47,2.1,2022-04-30 00:51:23
491,Suozhen,CN,36.9539,118.1047,284.41,66,100,7.1,2022-04-30 00:51:24
492,Zavyalovo,RU,54.5053,82.4484,285.17,55,100,4.9,2022-04-30 00:51:24
493,Tabuk,PH,17.4189,121.4443,302.47,63,100,2.32,2022-04-30 00:51:24
494,Urucara,BR,-2.5364,-57.76,296.68,97,100,0.73,2022-04-30 00:51:25
495,Salinopolis,BR,-0.6136,-47.3561,299.17,88,100,4.44,2022-04-30 00:51:25
496,Paducah,US,37.0834,-88.6001,299.27,46,0,2.06,2022-04-30 00:51:26
497,Mbini,GQ,1.574,9.6134,297.06,84,100,2.1,2022-04-30 00:51:26
498,Necochea,AR,-38.5473,-58.7368,280.84,60,17,2.79,2022-04-30 00:51:26
499,Kitimat,CA,54.0524,-128.6534,289.36,46,100,0.79,2022-04-30 00:51:27
500,Teberda,RU,43.4456,41.7448,280.65,85,0,2.71,2022-04-30 00:51:27
501,Gunjur,GM,13.2019,-16.7339,294.72,81,11,4.79,2022-04-30 00:51:28
502,Torrevieja,ES,37.9787,-0.6822,289.83,76,0,0.89,2022-04-30 00:51:28
503,Maniitsoq,GL,65.4167,-52.9,262.41,68,59,2.83,2022-04-30 00:51:28
504,Finnsnes,NO,69.2296,17.9811,271.49,92,97,1.05,2022-04-30 00:51:29
505,Maceio,BR,-9.6658,-35.7353,297.84,83,75,2.06,2022-04-30 00:50:08
506,Dawson Creek,CA,55.7666,-120.2362,275.95,75,100,3.6,2022-04-30 00:51:29
507,Watrous,CA,51.6668,-105.4679,285.03,62,100,3.6,2022-04-30 00:51:30
508,Pacific Grove,US,36.6177,-121.9166,295.27,67,0,5.36,2022-04-30 00:48:31
509,Nalut,LY,30.3333,10.85,292.98,30,100,10.01,2022-04-30 00:51:30
510,Mbanza-Ngungu,CD,-5.25,14.8667,293.78,92,100,2.14,2022-04-30 00:51:31
511,Tucuman,AR,-26.8241,-65.2226,286.15,94,100,0.0,2022-04-30 00:50:14
512,Mocuba,MZ,-16.8392,36.9856,289.59,98,2,1.88,2022-04-30 00:52:31
513,Carndonagh,IE,55.25,-7.2667,282.19,78,100,1.57,2022-04-30 00:52:31
514,Katsuura,JP,35.1333,140.3,286.37,61,13,8.49,2022-04-30 00:52:32
515,Cherskiy,RU,68.75,161.3,262.98,89,100,3.15,2022-04-30 00:52:32
516,Polunochnoye,RU,60.8697,60.4153,269.14,85,7,1.92,2022-04-30 00:52:33
517,Kaeo,NZ,-35.1,173.7833,291.66,91,45,5.57,2022-04-30 00:52:33
518,Roald,NO,62.5833,6.1333,278.89,87,15,1.54,2022-04-30 00:52:34
519,Jutai,BR,-5.1833,-68.9,295.12,98,100,0.61,2022-04-30 00:52:34
520,Lannion,FR,48.75,-3.4167,282.6,80,97,4.36,2022-04-30 00:52:34
521,Tura,IN,25.5198,90.2201,294.91,89,94,0.9,2022-04-30 00:52:35
522,Bac Lieu,VN,9.285,105.7244,300.43,74,100,0.26,2022-04-30 00:52:35
523,Muros,ES,42.7762,-9.0603,286.39,88,31,2.11,2022-04-30 00:52:36
524,Osmena,PH,10.5208,119.9258,301.65,72,100,2.64,2022-04-30 00:52:36
525,Rio De Jesus,PA,7.9844,-81.1631,299.6,84,100,0.65,2022-04-30 00:52:36
526,Bandarbeyla,SO,9.4942,50.8122,301.45,78,74,1.63,2022-04-30 00:52:37
527,Sundsvall,SE,62.3913,17.3063,271.13,86,75,0.0,2022-04-30 00:52:37
528,Venice,US,27.0998,-82.4543,296.47,91,75,2.68,2022-04-30 00:52:38
529,Dong Hoi,VN,17.4833,106.6,299.31,90,100,1.52,2022-04-30 00:52:38
530,Pori,FI,61.4833,21.7833,273.19,86,0,2.57,2022-04-30 00:52:38
531,Wau,SS,7.7029,27.9953,298.71,64,100,3.5,2022-04-30 00:52:39
532,Detchino,RU,54.8092,36.3075,274.4,93,30,2.6,2022-04-30 00:52:39
533,Vuktyl,RU,63.8567,57.3094,270.78,94,100,1.77,2022-04-30 00:52:40
534,Antofagasta,CL,-23.65,-70.4,288.75,82,100,1.97,2022-04-30 00:52:20
535,Yinchuan,CN,38.4681,106.2731,283.31,13,81,2.44,2022-04-30 00:52:40
536,Vestmannaeyjar,IS,63.4427,-20.2734,281.51,81,7,5.03,2022-04-30 00:52:40
537,Betare Oya,CM,5.6,14.0833,293.29,93,100,0.74,2022-04-30 00:52:41
538,Silver City,US,32.7701,-108.2803,295.17,12,0,7.15,2022-04-30 00:50:01
539,Hulan,CN,45.9833,126.6,280.21,59,98,9.75,2022-04-30 00:52:41
540,Omboue,GA,-1.5746,9.2618,298.56,90,100,1.24,2022-04-30 00:52:42
541,Havoysund,NO,70.9963,24.6622,271.28,63,100,11.78,2022-04-30 00:52:42
542,Vestmanna,FO,62.1564,-7.1664,279.66,87,75,2.57,2022-04-30 00:52:43
543,Ezerelis,LT,54.8833,23.6167,273.19,67,81,0.51,2022-04-30 00:52:43
544,San Juan,AR,-31.5375,-68.5364,285.76,33,0,2.3,2022-04-30 00:52:43
545,Praia Da Vitoria,PT,38.7333,-27.0667,290.29,88,20,5.86,2022-04-30 00:52:44
546,Arman,RU,59.7,150.1667,276.83,59,11,3.53,2022-04-30 00:52:44
